<?xml version="1.0" encoding="UTF-8"?>
<beans xmlns="http://www.springframework.org/schema/beans" xmlns:xsi="http://www.w3.org/2001/XMLSchema-instance"
       xsi:schemaLocation="http://www.springframework.org/schema/beans http://www.springframework.org/schema/beans/spring-beans-2.5.xsd">

    <description>
        This web application context contains Spring-WS beans. The beans defined in this context are automatically
        detected by Spring-WS, similar to the way Controllers are picked up in Spring Web MVC.
    </description>

    <bean id="payloadMapping" class="org.springframework.ws.server.endpoint.mapping.PayloadRootQNameEndpointMapping">
        <description>
            This endpoint mapping uses the qualified name of the payload (body contents) to determine the endpoint for
            an incoming message. Every message is passed to the default endpoint. Additionally, messages are logged
            using the logging interceptor.
        </description>
        <property name="defaultEndpoint" ref="contactCountEndpoint"/>
        <property name="interceptors" ref="validatingInterceptor"/>
    </bean>

    <bean id="validatingInterceptor"
          class="org.springframework.ws.soap.server.endpoint.interceptor.PayloadValidatingInterceptor">
        <description>
            This interceptor validates both incoming and outgoing message contents according to the 'contacts.xsd' XML
            Schema file.
        </description>
        <property name="schema" value="/WEB-INF/contacts.xsd"/>
        <property name="validateRequest" value="true"/>
        <property name="validateResponse" value="true"/>
    </bean>

    <bean id="contactCountEndpoint" class="org.springframework.ws.samples.pox.ws.ContactCountEndpoint"/>

    <bean id="messageFactory" class="org.springframework.ws.pox.dom.DomPoxMessageFactory"/>

</beans>
