<assembly xmlns="http://maven.apache.org/plugins/maven-assembly-plugin/assembly/1.1.0" 
  xmlns:xsi="http://www.w3.org/2001/XMLSchema-instance"
  xsi:schemaLocation="http://maven.apache.org/plugins/maven-assembly-plugin/assembly/1.1.0 http://maven.apache.org/xsd/assembly-1.1.0.xsd">

  <id>bin</id>
  <formats>
    <format>zip</format>
  </formats>

  <fileSets>

    <!-- The distribution stuff -->
    <!-- NOTE: You need to include the included files in the
           distrib_files/ sub-directory for this to work. -->
    <fileSet>
      <directory>${project.basedir}/distrib_files/</directory>
      <outputDirectory>/</outputDirectory>
      <includes>
        <include>COPYRIGHT</include>
        <include>LICENSE*</include>
        <include>README</include>
        <include>build.xml</include>
        <include>demo/sdb/*</include>
        <include>demo/single/*</include>
      </includes>
    </fileSet>
    <fileSet>
      <directory>${project.build.directory}</directory>
      <outputDirectory>/lib/</outputDirectory>
      <includes>
        <include>*.jar</include>
      </includes>
    </fileSet>

    <!-- Include the source code and build items -->
    <fileSet>
      <directory>${project.basedir}/src/main/</directory>
      <outputDirectory>/src/main/</outputDirectory>
    </fileSet>
    <fileSet>
      <directory>${project.basedir}/</directory>
      <outputDirectory>/</outputDirectory>
      <includes>
        <include>pom.xml</include>
        <include>gpl_assembly.xml</include>
        <include>src_assembly.xml</include>
      </includes>
    </fileSet>
    
  </fileSets>
</assembly>