<?xml version="1.0" encoding="UTF-8"?>
<beans xmlns="http://www.springframework.org/schema/beans" xmlns:xsi="http://www.w3.org/2001/XMLSchema-instance"
       xsi:schemaLocation="http://www.springframework.org/schema/beans http://www.springframework.org/schema/beans/spring-beans-3.1.xsd">

    <bean id="imageRepository" class="org.springframework.ws.samples.mtom.service.StubImageRepository"/>

    <bean class="org.springframework.ws.samples.mtom.ws.ImageRepositoryEndpoint">
        <constructor-arg ref="imageRepository"/>
    </bean>

    <bean class="org.springframework.ws.server.endpoint.mapping.PayloadRootAnnotationMethodEndpointMapping"/>

    <bean class="org.springframework.ws.server.endpoint.adapter.DefaultMethodEndpointAdapter">
        <property name="methodArgumentResolvers" ref="methodProcessor"/>
        <property name="methodReturnValueHandlers" ref="methodProcessor"/>
    </bean>

    <bean id="methodProcessor" class="org.springframework.ws.server.endpoint.adapter.method.MarshallingPayloadMethodProcessor">
        <constructor-arg ref="marshaller"/>
    </bean>

    <bean id="marshaller" class="org.springframework.oxm.jaxb.Jaxb2Marshaller">
        <property name="contextPath" value="org.springframework.ws.samples.mtom.schema"/>
        <property name="mtomEnabled" value="true"/>
    </bean>

    <bean id="mtom" class="org.springframework.ws.wsdl.wsdl11.DefaultWsdl11Definition">
        <property name="schema" ref="schema"/>
        <property name="portTypeName" value="ImageRepository"/>
        <property name="locationUri" value="http://localhost:8080/mtom-server/"/>
    </bean>

    <bean id="schema" class="org.springframework.xml.xsd.SimpleXsdSchema">
        <property name="xsd" value="/WEB-INF/schema.xsd"/>
    </bean>

</beans>