<?xml version="1.0" encoding="UTF-8"?>
<beans xmlns="http://www.springframework.org/schema/beans"
       xmlns:xsi="http://www.w3.org/2001/XMLSchema-instance"
       xmlns:context="http://www.springframework.org/schema/context"
       xsi:schemaLocation="http://www.springframework.org/schema/beans http://www.springframework.org/schema/beans/spring-beans-3.0.xsd
       http://www.springframework.org/schema/context http://www.springframework.org/schema/context/spring-context-2.5.xsd">

    <description>
        This web application context contains a simple Spring Web MVC web application that shows flights
    </description>

    <context:component-scan base-package="org.springframework.ws.samples.airline.web"/>

    <!-- ===================== HANDLERS  ===================================== -->


    <bean class="org.springframework.web.servlet.view.InternalResourceViewResolver">
        <property name="viewClass" value="org.springframework.web.servlet.view.JstlView"/>
        <property name="prefix" value="/WEB-INF/jsp/"/>
        <property name="suffix" value=".jsp"/>
    </bean>

    <bean class="org.springframework.web.servlet.handler.SimpleMappingExceptionResolver">
        <property name="defaultErrorView" value="error"/>
        <property name="exceptionMappings">
            <props>
                <prop key="org.springframework.ws.samples.airline.service.NoSuchFlightException">noSuchFlight</prop>
            </props>
        </property>
    </bean>


</beans>