<?xml version="1.0" encoding="UTF-8"?>
<beans xmlns="http://www.springframework.org/schema/beans"
       xmlns:xsi="http://www.w3.org/2001/XMLSchema-instance"
       xmlns:sws="http://www.springframework.org/schema/web-services"
       xmlns:context="http://www.springframework.org/schema/context"
       xsi:schemaLocation="http://www.springframework.org/schema/beans http://www.springframework.org/schema/beans/spring-beans-3.0.xsd
       http://www.springframework.org/schema/web-services http://www.springframework.org/schema/web-services/web-services-2.0.xsd
       http://www.springframework.org/schema/context http://www.springframework.org/schema/context/spring-context-3.0.xsd">

    <description>
        This web application context contains Spring-WS beans. The beans defined in this context are automatically
        detected by Spring-WS, similar to the way Controllers are picked up in Spring Web MVC.
    </description>

    <context:component-scan base-package="org.springframework.ws.samples.echo"/>

    <sws:annotation-driven />

    <sws:interceptors>
        <bean class="org.springframework.ws.soap.server.endpoint.interceptor.PayloadValidatingInterceptor">
            <description>
                This interceptor validates both incoming and outgoing message contents according to the 'echo.xsd' XML
                Schema file.
            </description>
            <property name="schema" value="/WEB-INF/echo.xsd"/>
            <property name="validateRequest" value="true"/>
            <property name="validateResponse" value="true"/>
        </bean>
        <bean class="org.springframework.ws.server.endpoint.interceptor.PayloadLoggingInterceptor">
            <description>
                This interceptor logs the message payload.
            </description>
        </bean>
    </sws:interceptors>

    <sws:dynamic-wsdl id="echo" portTypeName="Echo" locationUri="http://localhost:8080/echo/services">
        <sws:xsd location="/WEB-INF/echo.xsd"/>
    </sws:dynamic-wsdl>

</beans>