<?xml version="1.0" encoding="UTF-8"?>
<beans xmlns="http://www.springframework.org/schema/beans" xmlns:xsi="http://www.w3.org/2001/XMLSchema-instance"
       xsi:schemaLocation="http://www.springframework.org/schema/beans http://www.springframework.org/schema/beans/spring-beans-2.0.xsd">

    <bean id="client" abstract="true">
        <property name="defaultUri" value="http://localhost:8080/mtom-server/services"/>
    </bean>

    <bean id="saajClient" class="org.springframework.ws.samples.mtom.client.sws.SaajMtomClient" parent="client">
        <constructor-arg>
            <bean class="org.springframework.ws.soap.saaj.SaajSoapMessageFactory"/>
        </constructor-arg>
        <property name="marshaller" ref="marshaller"/>
        <property name="unmarshaller" ref="marshaller"/>
    </bean>

    <bean id="marshaller" class="org.springframework.oxm.jaxb.Jaxb2Marshaller">
        <property name="contextPath" value="org.springframework.ws.samples.mtom.client.sws"/>
        <property name="mtomEnabled" value="true"/>
    </bean>

    <bean id="axiomClient" class="org.springframework.ws.samples.mtom.client.sws.AxiomMtomClient" parent="client">
        <constructor-arg>
            <bean class="org.springframework.ws.soap.axiom.AxiomSoapMessageFactory"/>
        </constructor-arg>
    </bean>

</beans>
