<Server port="8005" shutdown="SHUTDOWN">
  <GlobalNamingResources>
    <!-- Used by Manager webapp -->
    <Resource name="UserDatabase" auth="Container"
              type="org.apache.catalina.UserDatabase"
      description="User database that can be updated and saved">
    </Resource>
    <ResourceParams name="UserDatabase">
      <parameter> 
        <name>factory</name>
        <value>org.apache.catalina.users.MemoryUserDatabaseFactory</value>
      </parameter>
      <parameter>
        <name>pathname</name>
        <value>conf/tomcat-users.xml</value>
      </parameter>
    </ResourceParams>
  </GlobalNamingResources>

  <Service name="Catalina">
    <Connector port="8080" />

    <!-- This is here for compatibility only, not required -->
    <Connector port="8009" protocol="AJP/1.3" />

    <Engine name="Catalina" defaultHost="localhost">
      <Logger className="org.apache.catalina.logger.FileLogger" />

      <Realm className="org.apache.catalina.realm.UserDatabaseRealm"
             resourceName="UserDatabase" />

      <Host name="localhost" appBase="webapps" />
    </Engine>
  </Service>
</Server>
